state,killed,injured,KilledOrInjured,date,year
Alabama,1,3,4,26-Sep-20,2020
Michigan,0,4,4,27-Sep-20,2020
California,0,6,6,28-Sep-20,2020
Mississippi,1,3,4,29-Sep-20,2020
Pennsylvania,0,4,4,30-Sep-20,2020
Massachusetts,1,4,5,01-Oct-20,2020
North Carolina,1,3,4,02-Oct-20,2020
Maryland,2,2,4,03-Oct-20,2020
Indiana,0,4,4,04-Oct-20,2020
Texas,3,1,4,05-Oct-20,2020
Florida,1,4,5,06-Oct-20,2020
Tennessee,0,7,7,07-Oct-20,2020
New York,0,4,4,08-Oct-20,2020
North Carolina,1,4,5,09-Oct-20,2020
Wisconsin,5,0,5,10-Oct-20,2020
Indiana,0,4,4,11-Oct-20,2020
Kentucky,0,4,4,12-Oct-20,2020
Florida,1,4,5,13-Oct-20,2020
Texas,0,4,4,14-Oct-20,2020
Texas,2,2,4,15-Oct-20,2020
California,1,3,4,16-Oct-20,2020
New York,0,4,4,17-Oct-20,2020
South Carolina,1,4,5,18-Oct-20,2020
Illinois,1,3,4,19-Oct-20,2020
Alaska,0,4,4,20-Oct-20,2020
Michigan,0,4,4,21-Oct-20,2020
South Carolina,1,3,4,22-Oct-20,2020
Alabama,0,4,4,23-Oct-20,2020
Colorado,1,4,5,24-Oct-20,2020
Illinois,1,4,5,25-Oct-20,2020
Texas,2,3,5,26-Oct-20,2020
California,0,5,5,27-Oct-20,2020
New Jersey,1,4,5,28-Oct-20,2020
Ohio,1,3,4,29-Oct-20,2020
New York,0,4,4,30-Oct-20,2020
Alabama,2,3,5,31-Oct-20,2020
Connecticut,1,5,6,01-Nov-20,2020
Michigan,4,0,4,02-Nov-20,2020
New York,0,5,5,03-Nov-20,2020
Pennsylvania,0,5,5,04-Nov-20,2020
Colorado,2,4,6,05-Nov-20,2020
Kentucky,1,3,4,06-Nov-20,2020
Ohio,1,3,4,07-Nov-20,2020
Ohio,2,9,11,08-Nov-20,2020
Ohio,1,3,4,09-Nov-20,2020
Oklahoma,0,4,4,10-Nov-20,2020
New York,0,4,4,11-Nov-20,2020
Ohio,0,5,5,12-Nov-20,2020
Texas,3,2,5,13-Nov-20,2020
Illinois,0,4,4,14-Nov-20,2020
New York,0,4,4,15-Nov-20,2020
Pennsylvania,1,4,5,16-Nov-20,2020
Illinois,0,6,6,17-Nov-20,2020
Pennsylvania,0,4,4,18-Nov-20,2020
New Jersey,0,5,5,19-Nov-20,2020
Pennsylvania,0,4,4,20-Nov-20,2020
Alabama,1,3,4,21-Nov-20,2020
Illinois,1,3,4,22-Nov-20,2020
Arkansas,0,7,7,23-Nov-20,2020
Colorado,0,6,6,24-Nov-20,2020
Illinois,0,4,4,25-Nov-20,2020
Illinois,0,4,4,26-Nov-20,2020
New York,1,3,4,27-Nov-20,2020
Tennessee,1,4,5,28-Nov-20,2020
California,1,3,4,29-Nov-20,2020
Florida,0,4,4,30-Nov-20,2020
Michigan,0,4,4,01-Dec-20,2020
Virginia,1,4,5,02-Dec-20,2020
New York,0,4,4,03-Dec-20,2020
Virginia,0,5,5,04-Dec-20,2020
Michigan,3,1,4,05-Dec-20,2020
Pennsylvania,0,4,4,06-Dec-20,2020
South Carolina,0,4,4,07-Dec-20,2020
Oregon,1,3,4,08-Dec-20,2020
Minnesota,0,4,4,09-Dec-20,2020
Pennsylvania,1,3,4,10-Dec-20,2020
Texas,1,4,5,11-Dec-20,2020
Illinois,1,5,6,12-Dec-20,2020
Nevada,2,2,4,13-Dec-20,2020
New York,0,4,4,14-Dec-20,2020
Illinois,1,3,4,15-Dec-20,2020
Illinois,1,4,5,16-Dec-20,2020
Kentucky,0,7,7,17-Dec-20,2020
Kentucky,0,5,5,18-Dec-20,2020
New York,1,4,5,19-Dec-20,2020
Pennsylvania,0,4,4,20-Dec-20,2020
Texas,2,2,4,21-Dec-20,2020
Florida,0,4,4,22-Dec-20,2020
Pennsylvania,0,5,5,23-Dec-20,2020
California,1,4,5,24-Dec-20,2020
Connecticut,1,5,6,25-Dec-20,2020
District of Columbia,0,4,4,26-Dec-20,2020
Missouri,1,3,4,27-Dec-20,2020
Wisconsin,0,4,4,28-Dec-20,2020
Illinois,0,4,4,29-Dec-20,2020
California,1,3,4,30-Dec-20,2020
Alabama,1,5,6,31-Dec-20,2020
Kentucky,1,4,5,01-Jan-20,2020
Massachusetts,0,5,5,02-Jan-20,2020
New York,1,3,4,03-Jan-20,2020
Pennsylvania,0,6,6,04-Jan-20,2020
Colorado,0,9,9,05-Jan-20,2020
District of Columbia,1,21,22,06-Jan-20,2020
Mississippi,0,4,4,07-Jan-20,2020
Ohio,0,6,6,08-Jan-20,2020
Texas,0,4,4,09-Jan-20,2020
Pennsylvania,1,3,4,10-Jan-20,2020
Georgia,0,4,4,11-Jan-20,2020
Mississippi,0,5,5,12-Jan-20,2020
California,1,3,4,13-Jan-20,2020
Maryland,2,2,4,14-Jan-20,2020
New York,2,2,4,15-Jan-20,2020
New York,0,4,4,16-Jan-20,2020
West Virginia,4,0,4,17-Jan-20,2020
Illinois,0,6,6,18-Jan-20,2020
Connecticut,2,2,4,19-Jan-20,2020
Mississippi,5,0,5,20-Jan-20,2020
Florida,1,4,5,21-Jan-20,2020
Arkansas,5,0,5,22-Jan-20,2020
Florida,1,4,5,23-Jan-20,2020
Florida,2,2,4,24-Jan-20,2020
Florida,1,3,4,25-Jan-20,2020
Illinois,3,3,6,26-Jan-20,2020
Massachusetts,1,5,6,27-Jan-20,2020
Indiana,1,3,4,28-Jan-20,2020
Oregon,0,4,4,29-Jan-20,2020
Illinois,0,4,4,30-Jan-20,2020
California,1,3,4,31-Jan-20,2020
North Carolina,0,6,6,01-Feb-20,2020
Texas,0,6,6,02-Feb-20,2020
Louisiana,2,3,5,03-Feb-20,2020
West Virginia,6,0,6,04-Feb-20,2020
Mississippi,0,4,4,05-Feb-20,2020
Delaware,1,4,5,06-Feb-20,2020
Illinois,0,6,6,07-Feb-20,2020
Louisiana,0,4,4,08-Feb-20,2020
Tennessee,0,7,7,09-Feb-20,2020
Connecticut,1,5,6,10-Feb-20,2020
Florida,1,4,5,11-Feb-20,2020
Mississippi,2,2,4,12-Feb-20,2020
Idaho,2,3,5,13-Feb-20,2020
North Carolina,0,4,4,14-Feb-20,2020
North Carolina,3,1,4,15-Feb-20,2020
Texas,0,7,7,16-Feb-20,2020
Illinois,1,4,5,17-Feb-20,2020
Wisconsin,6,0,6,18-Feb-20,2020
Colorado,0,5,5,19-Feb-20,2020
Missouri,1,4,5,20-Feb-20,2020
California,1,5,6,21-Feb-20,2020
Maine,3,1,4,22-Feb-20,2020
Indiana,4,0,4,23-Feb-20,2020
Texas,1,3,4,24-Feb-20,2020
Hawaii,0,0,0,25-Feb-20,2020
Missouri,3,2,5,26-Feb-20,2020
Montana,0,0,0,27-Feb-20,2020
New Hampshire,0,0,0,28-Feb-20,2020
North Dakota,0,0,0,01-Mar-20,2020
Ohio,0,4,4,02-Mar-20,2020
Rhode Island,0,0,0,03-Mar-20,2020
Vermont,0,0,0,04-Mar-20,2020
West Virginia,0,7,7,05-Mar-20,2020
Wyoming,0,0,0,06-Mar-20,2020
Colorado,0,5,5,07-Mar-20,2020
Illinois,0,5,5,08-Mar-20,2020
Utah,4,1,5,09-Mar-20,2020
Texas,2,2,4,10-Mar-20,2020
Missouri,2,15,17,11-Mar-20,2020
Tennessee,1,4,5,12-Mar-20,2020
Texas,2,5,7,13-Mar-20,2020
New York,0,4,4,14-Mar-20,2020
Washington,1,7,8,15-Mar-20,2020
North Carolina,5,0,5,16-Mar-20,2020
Missouri,0,5,5,17-Mar-20,2020
New York,3,1,4,18-Mar-20,2020
North Carolina,0,6,6,19-Mar-20,2020
South Carolina,3,3,6,20-Mar-20,2020
Connecticut,0,4,4,21-Mar-20,2020
California,0,4,4,22-Mar-20,2020
California,1,4,5,23-Mar-20,2020
Florida,1,3,4,24-Mar-20,2020
Louisiana,0,4,4,25-Mar-20,2020
Florida,1,3,4,26-Mar-20,2020
Georgia,0,4,4,27-Mar-20,2020
Mississippi,2,2,4,28-Mar-20,2020
California,0,4,4,29-Mar-20,2020
Louisiana,0,4,4,30-Mar-20,2020
Delaware,0,5,5,31-Mar-20,2020
New York,0,6,6,01-Apr-20,2020
Florida,2,2,4,02-Apr-20,2020
Illinois,1,3,4,03-Apr-20,2020
Illinois,1,4,5,04-Apr-20,2020
Louisiana,1,7,8,05-Apr-20,2020
Michigan,0,5,5,06-Apr-20,2020
Mississippi,2,4,6,07-Apr-20,2020
New York,1,3,4,08-Apr-20,2020
Kentucky,1,3,4,09-Apr-20,2020
New York,0,6,6,10-Apr-20,2020
Washington,0,6,6,11-Apr-20,2020
Missouri,0,5,5,12-Apr-20,2020
North Carolina,0,8,8,13-Apr-20,2020
Louisiana,1,3,4,14-Apr-20,2020
New York,1,5,6,15-Apr-20,2020
Tennessee,0,5,5,16-Apr-20,2020
Florida,0,4,4,17-Apr-20,2020
Ohio,0,4,4,18-Apr-20,2020
Illinois,1,4,5,19-Apr-20,2020
District of Columbia,1,8,9,20-Apr-20,2020
Illinois,2,3,5,21-Apr-20,2020
Illinois,0,13,13,22-Apr-20,2020
Michigan,1,3,4,23-Apr-20,2020
Michigan,4,0,4,24-Apr-20,2020
Nebraska,0,8,8,25-Apr-20,2020
California,2,3,5,26-Apr-20,2020
Massachusetts,0,4,4,27-Apr-20,2020
New Jersey,1,4,5,28-Apr-20,2020
Illinois,0,5,5,29-Apr-20,2020
Virginia,1,4,5,30-Apr-20,2020
Illinois,0,15,15,01-May-20,2020
Michigan,0,4,4,02-May-20,2020
Illinois,2,4,6,03-May-20,2020
Virginia,1,3,4,04-May-20,2020
Virginia,0,4,4,05-May-20,2020
Georgia,2,2,4,06-May-20,2020
California,0,7,7,07-May-20,2020
Colorado,2,3,5,08-May-20,2020
Florida,1,3,4,09-May-20,2020
Michigan,0,6,6,10-May-20,2020
North Carolina,0,4,4,11-May-20,2020
Texas,0,4,4,12-May-20,2020
Arkansas,0,4,4,13-May-20,2020
Colorado,1,3,4,14-May-20,2020
Kentucky,1,3,4,15-May-20,2020
Michigan,1,3,4,16-May-20,2020
Texas,0,4,4,17-May-20,2020
Illinois,1,4,5,18-May-20,2020
Washington,1,3,4,19-May-20,2020
Delaware,2,2,4,20-May-20,2020
Wisconsin,0,4,4,21-May-20,2020
Michigan,0,4,4,22-May-20,2020
Missouri,3,2,5,23-May-20,2020
Ohio,5,0,5,24-May-20,2020
Alabama,1,3,4,25-May-20,2020
Maryland,0,4,4,26-May-20,2020
Florida,0,5,5,27-May-20,2020
Florida,0,5,5,28-May-20,2020
Pennsylvania,1,3,4,29-May-20,2020
Georgia,0,5,5,30-May-20,2020
Illinois,1,3,4,31-May-20,2020
Illinois,4,4,8,01-Jun-20,2020
Louisiana,0,4,4,02-Jun-20,2020
Maryland,1,3,4,03-Jun-20,2020
Massachusetts,1,4,5,04-Jun-20,2020
Michigan,2,3,5,05-Jun-20,2020
Mississippi,1,3,4,06-Jun-20,2020
South Carolina,0,5,5,07-Jun-20,2020
Arkansas,1,3,4,08-Jun-20,2020
Georgia,2,13,15,09-Jun-20,2020
Illinois,0,4,4,10-Jun-20,2020
Illinois,1,5,6,11-Jun-20,2020
Illinois,1,5,6,12-Jun-20,2020
Iowa,1,3,4,13-Jun-20,2020
Maryland,0,4,4,14-Jun-20,2020
Michigan,2,4,6,15-Jun-20,2020
Mississippi,0,4,4,16-Jun-20,2020
Missouri,2,3,5,17-Jun-20,2020
New York,0,5,5,18-Jun-20,2020
Pennsylvania,0,4,4,19-Jun-20,2020
South Carolina,2,8,10,20-Jun-20,2020
Texas,0,4,4,21-Jun-20,2020
Wisconsin,0,4,4,22-Jun-20,2020
Illinois,0,6,6,23-Jun-20,2020
New Jersey,4,3,7,24-Jun-20,2020
Virginia,0,5,5,25-Jun-20,2020
Missouri,0,4,4,26-Jun-20,2020
California,1,4,5,27-Jun-20,2020
California,2,4,6,28-Jun-20,2020
Ohio,1,3,4,29-Jun-20,2020
District of Columbia,0,7,7,30-Jun-20,2020
Louisiana,6,0,6,01-Jul-20,2020
Texas,2,4,6,02-Jul-20,2020
Virginia,0,4,4,03-Jul-20,2020
New York,1,3,4,04-Jul-20,2020
Pennsylvania,0,6,6,05-Jul-20,2020
Texas,0,8,8,06-Jul-20,2020
Arkansas,0,4,4,07-Jul-20,2020
California,0,5,5,08-Jul-20,2020
District of Columbia,2,5,7,09-Jul-20,2020
Georgia,2,5,7,10-Jul-20,2020
Maryland,0,5,5,11-Jul-20,2020
Missouri,2,4,6,12-Jul-20,2020
New York,1,7,8,13-Jul-20,2020
Kentucky,1,4,5,14-Jul-20,2020
Louisiana,0,5,5,15-Jul-20,2020
Louisiana,0,4,4,16-Jul-20,2020
Louisiana,2,2,4,17-Jul-20,2020
Minnesota,1,6,7,18-Jul-20,2020
Illinois,0,4,4,19-Jul-20,2020
Iowa,2,2,4,20-Jul-20,2020
Illinois,0,4,4,21-Jul-20,2020
New York,0,7,7,22-Jul-20,2020
Illinois,0,4,4,23-Jul-20,2020
Texas,1,3,4,24-Jul-20,2020
Wisconsin,0,5,5,25-Jul-20,2020
Kansas,0,5,5,26-Jul-20,2020
Michigan,0,4,4,27-Jul-20,2020
Michigan,1,3,4,28-Jul-20,2020
New Jersey,1,4,5,29-Jul-20,2020
New York,0,4,4,30-Jul-20,2020
New York,1,8,9,31-Jul-20,2020
New York,0,4,4,01-Aug-20,2020
North Carolina,2,2,4,02-Aug-20,2020
Wisconsin,0,5,5,03-Aug-20,2020
Alabama,0,4,4,04-Aug-20,2020
Illinois,1,3,4,05-Aug-20,2020
Minnesota,0,11,11,06-Aug-20,2020
New York,0,4,4,07-Aug-20,2020
Texas,0,5,5,08-Aug-20,2020
Texas,1,3,4,09-Aug-20,2020
Wisconsin,0,5,5,10-Aug-20,2020
California,0,5,5,11-Aug-20,2020
Illinois,0,5,5,12-Aug-20,2020
Illinois,0,4,4,13-Aug-20,2020
Minnesota,0,4,4,14-Aug-20,2020
Minnesota,0,4,4,15-Aug-20,2020
New York,0,5,5,16-Aug-20,2020
North Carolina,4,5,9,17-Aug-20,2020
Ohio,1,4,5,18-Aug-20,2020
Florida,0,5,5,19-Aug-20,2020
Illinois,0,4,4,20-Aug-20,2020
Tennessee,0,4,4,21-Aug-20,2020
Connecticut,1,3,4,22-Aug-20,2020
Pennsylvania,0,4,4,23-Aug-20,2020
Arizona,0,4,4,24-Aug-20,2020
California,0,4,4,25-Aug-20,2020
Colorado,0,5,5,26-Aug-20,2020
Arkansas,3,1,4,27-Aug-20,2020
California,3,4,7,28-Aug-20,2020
Illinois,2,2,4,29-Aug-20,2020
Illinois,0,4,4,30-Aug-20,2020
New York,0,4,4,31-Aug-20,2020
Alabama,0,7,7,01-Sep-20,2020
Pennsylvania,2,2,4,02-Sep-20,2020
California,0,4,4,03-Sep-20,2020
South Dakota,1,3,4,04-Sep-20,2020
Arkansas,0,4,4,05-Sep-20,2020
Georgia,1,4,5,06-Sep-20,2020
Illinois,0,4,4,07-Sep-20,2020
Iowa,0,5,5,08-Sep-20,2020
Massachusetts,1,3,4,09-Sep-20,2020
Ohio,0,4,4,10-Sep-20,2020
Alabama,7,0,7,11-Sep-20,2020
Colorado,0,4,4,12-Sep-20,2020
California,1,4,5,13-Sep-20,2020
Mississippi,0,5,5,14-Sep-20,2020
Missouri,1,4,5,15-Sep-20,2020
Ohio,0,4,4,16-Sep-20,2020
Arkansas,0,5,5,17-Sep-20,2020
Illinois,1,3,4,18-Sep-20,2020
Illinois,1,3,4,19-Sep-20,2020
Illinois,0,6,6,20-Sep-20,2020
Missouri,2,7,9,21-Sep-20,2020
Tennessee,0,5,5,22-Sep-20,2020
New York,0,4,4,23-Sep-20,2020
Tennessee,0,4,4,24-Sep-20,2020
California,2,3,5,25-Sep-20,2020
North Carolina,0,5,5,26-Sep-20,2020
Pennsylvania,1,6,7,27-Sep-20,2020
Pennsylvania,2,2,4,28-Sep-20,2020
Illinois,0,4,4,29-Sep-20,2020
Louisiana,0,5,5,30-Sep-20,2020
Michigan,2,2,4,01-Oct-20,2020
New Mexico,1,3,4,02-Oct-20,2020
Missouri,5,2,7,03-Oct-20,2020
North Carolina,7,0,7,04-Oct-20,2020
Maryland,0,7,7,05-Oct-20,2020
Florida,1,4,5,06-Oct-20,2020
Missouri,0,4,4,07-Oct-20,2020
Virginia,0,4,4,08-Oct-20,2020
South Carolina,0,4,4,09-Oct-20,2020
Texas,0,4,4,10-Oct-20,2020
Maryland,1,3,4,11-Oct-20,2020
Georgia,0,4,4,12-Oct-20,2020
Pennsylvania,0,5,5,13-Oct-20,2020
Georgia,3,1,4,14-Oct-20,2020
California,1,5,6,15-Oct-20,2020
District of Columbia,0,6,6,16-Oct-20,2020
Illinois,0,7,7,17-Oct-20,2020
New Mexico,0,4,4,18-Oct-20,2020
Ohio,1,18,19,19-Oct-20,2020
California,1,3,4,20-Oct-20,2020
Illinois,0,4,4,21-Oct-20,2020
Maryland,1,5,6,22-Oct-20,2020
Louisiana,0,5,5,23-Oct-20,2020
Texas,0,5,5,24-Oct-20,2020
Texas,0,6,6,25-Oct-20,2020
Alabama,0,4,4,26-Oct-20,2020
Illinois,1,4,5,27-Oct-20,2020
Kentucky,1,4,5,28-Oct-20,2020
Tennessee,0,4,4,29-Oct-20,2020
New Mexico,0,5,5,30-Oct-20,2020
Florida,0,5,5,31-Oct-20,2020
Pennsylvania,0,4,4,01-Nov-20,2020
Louisiana,0,13,13,02-Nov-20,2020
Maryland,0,3,3,03-Nov-20,2020
South Carolina,0,4,4,04-Nov-20,2020
South Carolina,4,1,5,05-Nov-20,2020
California,0,5,5,06-Nov-20,2020
Illinois,0,5,5,07-Nov-20,2020
Pennsylvania,0,4,4,08-Nov-20,2020
Texas,2,3,5,09-Nov-20,2020
Ohio,1,3,4,10-Nov-20,2020
Florida,0,5,5,11-Nov-20,2020
Florida,0,6,6,12-Nov-20,2020
Illinois,1,4,5,13-Nov-20,2020
Illinois,1,3,4,14-Nov-20,2020
Michigan,1,3,4,15-Nov-20,2020
Mississippi,1,4,5,16-Nov-20,2020
North Carolina,0,6,6,17-Nov-20,2020
South Carolina,2,5,7,18-Nov-20,2020
Texas,0,4,4,19-Nov-20,2020
Alabama,3,1,4,20-Nov-20,2020
Missouri,0,4,4,21-Nov-20,2020
South Carolina,0,4,4,22-Nov-20,2020
Louisiana,0,6,6,23-Nov-20,2020
California,0,5,5,24-Nov-20,2020
Illinois,2,2,4,25-Nov-20,2020
Mississippi,0,4,4,26-Nov-20,2020
Pennsylvania,0,4,4,27-Nov-20,2020
South Carolina,3,5,8,28-Nov-20,2020
California,0,5,5,29-Nov-20,2020
Massachusetts,1,4,5,30-Nov-20,2020
Ohio,1,3,4,01-Dec-20,2020
Pennsylvania,0,4,4,02-Dec-20,2020
Kentucky,0,7,7,03-Dec-20,2020
Pennsylvania,1,3,4,04-Dec-20,2020
Tennessee,0,4,4,05-Dec-20,2020
Virginia,0,5,5,06-Dec-20,2020
Florida,1,3,4,07-Dec-20,2020
Illinois,0,5,5,08-Dec-20,2020
Ohio,0,4,4,09-Dec-20,2020
District of Columbia,0,4,4,10-Dec-20,2020
Florida,2,4,6,11-Dec-20,2020
New Jersey,0,4,4,12-Dec-20,2020
North Carolina,1,5,6,13-Dec-20,2020
Texas,1,4,5,14-Dec-20,2020
Mississippi,1,5,6,15-Dec-20,2020
Pennsylvania,0,4,4,16-Dec-20,2020
Georgia,1,3,4,17-Dec-20,2020
Tennessee,2,2,4,18-Dec-20,2020
Texas,3,1,4,19-Dec-20,2020
Maryland,0,4,4,20-Dec-20,2020
Missouri,0,4,4,21-Dec-20,2020
Arizona,2,2,4,22-Dec-20,2020
Indiana,0,4,4,23-Dec-20,2020
New Jersey,1,4,5,24-Dec-20,2020
North Carolina,1,3,4,25-Dec-20,2020
Oklahoma,1,3,4,26-Dec-20,2020
South Carolina,0,6,6,27-Dec-20,2020
Florida,1,7,8,28-Dec-20,2020
Florida,2,4,6,29-Dec-20,2020
North Carolina,0,6,6,30-Dec-20,2020
California,2,3,5,31-Dec-20,2020
Missouri,0,4,4,01-Jan-20,2020
Ohio,0,4,4,02-Jan-20,2020
South Carolina,3,1,4,03-Jan-20,2020
Georgia,2,2,4,04-Jan-20,2020
Louisiana,0,5,5,05-Jan-20,2020
Florida,0,4,4,06-Jan-20,2020
Illinois,0,4,4,07-Jan-20,2020
Illinois,0,4,4,08-Jan-20,2020
Tennessee,0,4,4,09-Jan-20,2020
South Carolina,0,4,4,10-Jan-20,2020
Texas,3,2,5,11-Jan-20,2020
Florida,1,3,4,12-Jan-20,2020
Ohio,0,5,5,13-Jan-20,2020
Wisconsin,0,8,8,14-Jan-20,2020
Arizona,1,4,5,15-Jan-20,2020
Illinois,0,6,6,16-Jan-20,2020
Nebraska,2,2,4,17-Jan-20,2020
Illinois,1,3,4,18-Jan-20,2020
Louisiana,1,3,4,19-Jan-20,2020
New Jersey,0,4,4,20-Jan-20,2020
New York,1,6,7,21-Jan-20,2020
Nevada,1,5,6,22-Jan-20,2020
Georgia,1,5,6,23-Jan-20,2020
Ohio,0,6,6,24-Jan-20,2020
Louisiana,0,4,4,25-Jan-20,2020
South Carolina,1,10,11,26-Jan-20,2020
South Carolina,0,5,5,27-Jan-20,2020
Mississippi,0,11,11,28-Jan-20,2020
Tennessee,2,3,5,29-Jan-20,2020
Nevada,4,1,5,30-Jan-20,2020
Alaska,4,0,4,31-Jan-20,2020
Missouri,0,4,4,01-Feb-20,2020
Ohio,3,2,5,02-Feb-20,2020
Louisiana,2,2,4,03-Feb-20,2020
Kansas,0,4,4,04-Feb-20,2020
South Carolina,1,3,4,05-Feb-20,2020
Tennessee,0,8,8,06-Feb-20,2020
Virginia,0,4,4,07-Feb-20,2020
Texas,0,4,4,08-Feb-20,2020
Michigan,0,5,5,09-Feb-20,2020
Illinois,1,3,4,10-Feb-20,2020
Missouri,2,2,4,11-Feb-20,2020
South Carolina,0,8,8,12-Feb-20,2020
Georgia,0,4,4,13-Feb-20,2020
South Carolina,2,3,5,14-Feb-20,2020
Pennsylvania,0,4,4,15-Feb-20,2020
Louisiana,2,2,4,16-Feb-20,2020
Maryland,0,7,7,17-Feb-20,2020
Arizona,1,6,7,18-Feb-20,2020
California,2,4,6,19-Feb-20,2020
California,1,3,4,20-Feb-20,2020
Florida,3,1,4,21-Feb-20,2020
New York,1,5,6,22-Feb-20,2020
South Carolina,0,5,5,23-Feb-20,2020
Illinois,1,4,5,24-Feb-20,2020
Maryland,1,3,4,25-Feb-20,2020
Tennessee,0,4,4,26-Feb-20,2020
Louisiana,1,3,4,27-Feb-20,2020
Ohio,0,5,5,28-Feb-20,2020
California,0,4,4,01-Mar-20,2020
Washington,0,4,4,02-Mar-20,2020
Texas,3,1,4,03-Mar-20,2020
Mississippi,2,2,4,04-Mar-20,2020
New York,1,5,6,05-Mar-20,2020
Florida,1,3,4,06-Mar-20,2020
Louisiana,0,5,5,07-Mar-20,2020
Maryland,0,4,4,08-Mar-20,2020
Massachusetts,0,4,4,09-Mar-20,2020
Mississippi,2,8,10,10-Mar-20,2020
North Carolina,1,3,4,11-Mar-20,2020
Texas,2,3,5,12-Mar-20,2020
Texas,1,3,4,13-Mar-20,2020
New Jersey,1,3,4,14-Mar-20,2020
Virginia,0,4,4,15-Mar-20,2020
Florida,0,4,4,16-Mar-20,2020
California,1,3,4,17-Mar-20,2020
Tennessee,0,5,5,18-Mar-20,2020
Illinois,1,3,4,19-Mar-20,2020
Maryland,1,3,4,20-Mar-20,2020
California,0,4,4,21-Mar-20,2020
California,0,4,4,22-Mar-20,2020
Maryland,0,7,7,23-Mar-20,2020
Nevada,0,4,4,24-Mar-20,2020
Washington,0,5,5,25-Mar-20,2020
Georgia,1,5,6,26-Mar-20,2020
Indiana,3,4,7,27-Mar-20,2020
District of Columbia,1,3,4,28-Mar-20,2020
Alaska,1,4,5,29-Mar-20,2020
New York,1,3,4,30-Mar-20,2020
Pennsylvania,1,6,7,31-Mar-20,2020
Louisiana,3,2,5,01-Apr-20,2020
Louisiana,0,5,5,02-Apr-20,2020
Illinois,2,4,6,03-Apr-20,2020
North Carolina,0,5,5,04-Apr-20,2020
Pennsylvania,0,4,4,05-Apr-20,2020
Florida,0,4,4,06-Apr-20,2020
Illinois,1,3,4,07-Apr-20,2020
Michigan,0,7,7,08-Apr-20,2020
New Jersey,2,7,9,09-Apr-20,2020
Tennessee,3,3,6,10-Apr-20,2020
Louisiana,0,4,4,11-Apr-20,2020
California,2,4,6,12-Apr-20,2020
Illinois,0,5,5,13-Apr-20,2020
Pennsylvania,2,3,5,14-Apr-20,2020
Arkansas,0,4,4,15-Apr-20,2020
Arkansas,0,5,5,16-Apr-20,2020
Illinois,0,4,4,17-Apr-20,2020
Illinois,0,4,4,18-Apr-20,2020
New Jersey,0,4,4,19-Apr-20,2020
New Jersey,0,5,5,20-Apr-20,2020
New York,1,4,5,21-Apr-20,2020
New York,2,14,16,22-Apr-20,2020
California,0,4,4,23-Apr-20,2020
Georgia,1,3,4,24-Apr-20,2020
Pennsylvania,2,2,4,25-Apr-20,2020
Connecticut,1,3,4,26-Apr-20,2020
New York,0,4,4,27-Apr-20,2020
Ohio,1,4,5,28-Apr-20,2020
Georgia,1,3,4,29-Apr-20,2020
Minnesota,0,5,5,30-Apr-20,2020
Pennsylvania,0,4,4,01-May-20,2020
Illinois,0,4,4,02-May-20,2020
Iowa,2,6,8,03-May-20,2020
Missouri,0,5,5,04-May-20,2020
Pennsylvania,0,4,4,05-May-20,2020
California,1,3,4,06-May-20,2020
Ohio,1,3,4,07-May-20,2020
Tennessee,0,4,4,08-May-20,2020
Michigan,0,6,6,09-May-20,2020
Ohio,2,2,4,10-May-20,2020
Pennsylvania,0,5,5,11-May-20,2020
Arkansas,1,3,4,12-May-20,2020
Arkansas,0,4,4,13-May-20,2020
Florida,1,3,4,14-May-20,2020
Pennsylvania,0,6,6,15-May-20,2020
South Carolina,1,3,4,16-May-20,2020
Florida,0,4,4,17-May-20,2020
North Carolina,0,4,4,18-May-20,2020
Wisconsin,0,7,7,19-May-20,2020
Arkansas,0,4,4,20-May-20,2020
Florida,0,6,6,21-May-20,2020
Maryland,1,3,4,22-May-20,2020
Texas,0,4,4,23-May-20,2020
Colorado,0,4,4,24-May-20,2020
Georgia,1,6,7,25-May-20,2020
Illinois,0,4,4,26-May-20,2020
Louisiana,0,5,5,27-May-20,2020
Maryland,0,4,4,28-May-20,2020
Missouri,0,6,6,29-May-20,2020
Missouri,1,3,4,30-May-20,2020
Tennessee,0,4,4,31-May-20,2020
California,7,0,7,01-Jun-20,2020
Indiana,1,4,5,02-Jun-20,2020
Louisiana,0,4,4,03-Jun-20,2020
New York,0,5,5,04-Jun-20,2020
Maryland,0,5,5,05-Jun-20,2020
Illinois,0,5,5,29-Dec-19,2019
New York,1,3,4,29-Dec-19,2019
California,0,5,5,29-Dec-19,2019
California,1,3,4,27-Dec-19,2019
Texas,2,7,9,27-Dec-19,2019
Georgia,0,4,4,27-Dec-19,2019
Florida,0,5,5,26-Dec-19,2019
California,0,4,4,25-Dec-19,2019
Iowa,1,3,4,25-Dec-19,2019
Virginia,1,3,4,25-Dec-19,2019
Louisiana,0,4,4,24-Dec-19,2019
Illinois,0,5,5,24-Dec-19,2019
North Carolina,0,6,6,24-Dec-19,2019
Maryland,0,7,7,22-Dec-19,2019
Minnesota,1,7,8,22-Dec-19,2019
Illinois,0,13,13,22-Dec-19,2019
Louisiana,0,4,4,21-Dec-19,2019
Mississippi,1,6,7,20-Dec-19,2019
Alabama,2,2,4,20-Dec-19,2019
Texas,0,4,4,18-Dec-19,2019
Montana,4,1,5,17-Dec-19,2019
Georgia,1,4,5,15-Dec-19,2019
California,0,4,4,14-Dec-19,2019
Missouri,1,3,4,12-Dec-19,2019
New Jersey,6,3,9,10-Dec-19,2019
Texas,2,3,5,08-Dec-19,2019
Louisiana,1,4,5,08-Dec-19,2019
Florida,4,8,12,06-Dec-19,2019
Alabama,2,2,4,04-Dec-19,2019
Louisiana,2,3,5,01-Dec-19,2019
Louisiana,2,2,4,01-Dec-19,2019
Illinois,1,4,5,01-Dec-19,2019
Michigan,1,3,4,01-Dec-19,2019
Louisiana,0,12,12,01-Dec-19,2019
Arkansas,0,5,5,30-Nov-19,2019
Texas,0,7,7,29-Nov-19,2019
New York,0,5,5,27-Nov-19,2019
Florida,2,2,4,25-Nov-19,2019
Alabama,1,4,5,24-Nov-19,2019
California,0,6,6,24-Nov-19,2019
Louisiana,2,2,4,24-Nov-19,2019
California,0,4,4,23-Nov-19,2019
Louisiana,1,6,7,23-Nov-19,2019
California,0,5,5,21-Nov-19,2019
Washington,0,4,4,21-Nov-19,2019
California,0,4,4,20-Nov-19,2019
New Jersey,1,4,5,18-Nov-19,2019
California,4,6,10,17-Nov-19,2019
Ohio,0,4,4,17-Nov-19,2019
California,6,0,6,16-Nov-19,2019
California,3,3,6,14-Nov-19,2019
Florida,0,4,4,11-Nov-19,2019
Missouri,0,4,4,10-Nov-19,2019
Tennessee,1,4,5,10-Nov-19,2019
Arkansas,0,4,4,10-Nov-19,2019
Michigan,0,4,4,09-Nov-19,2019
Georgia,0,4,4,09-Nov-19,2019
North Carolina,1,3,4,08-Nov-19,2019
Georgia,2,3,5,07-Nov-19,2019
Texas,1,4,5,04-Nov-19,2019
Ohio,0,4,4,03-Nov-19,2019
Texas,1,3,4,03-Nov-19,2019
Louisiana,0,4,4,02-Nov-19,2019
Michigan,1,4,5,02-Nov-19,2019
Arizona,0,5,5,01-Nov-19,2019
Texas,0,4,4,01-Nov-19,2019
California,5,3,8,31-Oct-19,2019
Pennsylvania,4,0,4,30-Oct-19,2019
Maryland,1,3,4,29-Oct-19,2019
California,3,9,12,29-Oct-19,2019
Maryland,1,3,4,28-Oct-19,2019
Michigan,0,4,4,27-Oct-19,2019
Michigan,1,4,5,27-Oct-19,2019
Texas,2,6,8,26-Oct-19,2019
Oklahoma,2,2,4,24-Oct-19,2019
Oklahoma,1,3,4,22-Oct-19,2019
South Carolina,0,4,4,21-Oct-19,2019
Texas,1,3,4,20-Oct-19,2019
Pennsylvania,0,4,4,19-Oct-19,2019
Texas,1,4,5,19-Oct-19,2019
Ohio,0,4,4,15-Oct-19,2019
Pennsylvania,0,6,6,13-Oct-19,2019
Ohio,0,4,4,13-Oct-19,2019
New York,4,3,7,12-Oct-19,2019
Illinois,5,0,5,12-Oct-19,2019
Pennsylvania,1,3,4,12-Oct-19,2019
Maryland,1,3,4,12-Oct-19,2019
Michigan,1,5,6,12-Oct-19,2019
Florida,2,2,4,10-Oct-19,2019
Pennsylvania,0,5,5,10-Oct-19,2019
Massachusetts,0,5,5,09-Oct-19,2019
Maryland,1,3,4,09-Oct-19,2019
Massachusetts,5,0,5,07-Oct-19,2019
Indiana,0,5,5,06-Oct-19,2019
Colorado,0,4,4,06-Oct-19,2019
Kansas,4,5,9,06-Oct-19,2019
Missouri,0,5,5,05-Oct-19,2019
North Carolina,1,3,4,03-Oct-19,2019
Missouri,1,3,4,03-Oct-19,2019
Missouri,0,4,4,01-Oct-19,2019
Illinois,1,3,4,29-Sep-19,2019
Wisconsin,0,4,4,29-Sep-19,2019
Florida,0,4,4,29-Sep-19,2019
Kansas,0,4,4,29-Sep-19,2019
Texas,4,0,4,29-Sep-19,2019
Illinois,1,3,4,24-Sep-19,2019
Indiana,2,2,4,23-Sep-19,2019
Missouri,0,5,5,22-Sep-19,2019
Louisiana,0,4,4,21-Sep-19,2019
South Carolina,2,8,10,21-Sep-19,2019
Indiana,0,6,6,21-Sep-19,2019
Ohio,4,0,4,21-Sep-19,2019
Louisiana,1,5,6,20-Sep-19,2019
District of Columbia,1,5,6,19-Sep-19,2019
Illinois,3,1,4,18-Sep-19,2019
California,2,2,4,18-Sep-19,2019
Wyoming,2,2,4,16-Sep-19,2019
Missouri,1,3,4,14-Sep-19,2019
California,1,4,5,14-Sep-19,2019
Georgia,0,4,4,14-Sep-19,2019
New Mexico,1,4,5,12-Sep-19,2019
New Mexico,4,2,6,12-Sep-19,2019
Illinois,0,4,4,10-Sep-19,2019
South Carolina,2,2,4,08-Sep-19,2019
Louisiana,1,3,4,08-Sep-19,2019
North Carolina,3,1,4,07-Sep-19,2019
Louisiana,2,2,4,04-Sep-19,2019
Florida,0,4,4,04-Sep-19,2019
North Carolina,2,2,4,02-Sep-19,2019
Illinois,0,4,4,02-Sep-19,2019
Alabama,5,0,5,02-Sep-19,2019
Connecticut,1,3,4,01-Sep-19,2019
North Carolina,0,4,4,01-Sep-19,2019
Alabama,0,7,7,01-Sep-19,2019
Ohio,0,4,4,01-Sep-19,2019
North Carolina,1,3,4,31-Aug-19,2019
South Carolina,0,4,4,31-Aug-19,2019
Texas,8,23,31,31-Aug-19,2019
Pennsylvania,2,2,4,31-Aug-19,2019
Maryland,0,4,4,31-Aug-19,2019
Maryland,0,4,4,31-Aug-19,2019
Illinois,2,3,5,31-Aug-19,2019
Maryland,1,3,4,30-Aug-19,2019
Alabama,0,6,6,30-Aug-19,2019
Maryland,1,3,4,29-Aug-19,2019
New Mexico,3,4,7,25-Aug-19,2019
Illinois,1,3,4,25-Aug-19,2019
Maryland,0,7,7,24-Aug-19,2019
Massachusetts,1,3,4,24-Aug-19,2019
Texas,3,2,5,23-Aug-19,2019
Georgia,0,4,4,23-Aug-19,2019
Missouri,1,3,4,23-Aug-19,2019
South Carolina,2,2,4,22-Aug-19,2019
California,0,4,4,22-Aug-19,2019
Georgia,0,4,4,20-Aug-19,2019
Missouri,0,4,4,18-Aug-19,2019
Texas,0,6,6,17-Aug-19,2019
Alabama,2,3,5,15-Aug-19,2019
Pennsylvania,0,5,5,15-Aug-19,2019
Pennsylvania,0,6,6,14-Aug-19,2019
Washington,2,3,5,13-Aug-19,2019
Mississippi,0,4,4,12-Aug-19,2019
Illinois,0,6,6,11-Aug-19,2019
Virginia,0,4,4,10-Aug-19,2019
California,0,4,4,10-Aug-19,2019
Illinois,0,4,4,09-Aug-19,2019
Missouri,3,1,4,07-Aug-19,2019
New York,0,4,4,05-Aug-19,2019
Louisiana,0,4,4,04-Aug-19,2019
Illinois,1,7,8,04-Aug-19,2019
Tennessee,1,3,4,04-Aug-19,2019
Illinois,0,7,7,04-Aug-19,2019
Ohio,10,17,27,04-Aug-19,2019
Texas,23,23,46,03-Aug-19,2019
Virginia,2,3,5,02-Aug-19,2019
Ohio,0,5,5,30-Jul-19,2019
Pennsylvania,1,5,6,28-Jul-19,2019
California,4,17,21,28-Jul-19,2019
Wisconsin,5,2,7,28-Jul-19,2019
District of Columbia,0,4,4,28-Jul-19,2019
Illinois,0,4,4,28-Jul-19,2019
Kansas,1,3,4,27-Jul-19,2019
New York,1,11,12,27-Jul-19,2019
Washington,1,3,4,26-Jul-19,2019
California,4,2,6,25-Jul-19,2019
Illinois,0,4,4,21-Jul-19,2019
District of Columbia,0,4,4,21-Jul-19,2019
Maryland,1,3,4,20-Jul-19,2019
Pennsylvania,0,4,4,20-Jul-19,2019
Illinois,0,7,7,20-Jul-19,2019
Illinois,1,3,4,18-Jul-19,2019
Texas,1,3,4,17-Jul-19,2019
Texas,0,4,4,16-Jul-19,2019
Georgia,0,4,4,15-Jul-19,2019
Illinois,0,4,4,14-Jul-19,2019
Illinois,1,4,5,13-Jul-19,2019
Pennsylvania,0,7,7,13-Jul-19,2019
Texas,0,4,4,11-Jul-19,2019
District of Columbia,2,2,4,08-Jul-19,2019
Michigan,0,6,6,07-Jul-19,2019
Missouri,0,5,5,07-Jul-19,2019
Illinois,0,4,4,07-Jul-19,2019
Illinois,0,4,4,07-Jul-19,2019
New Mexico,0,4,4,07-Jul-19,2019
California,0,4,4,06-Jul-19,2019
Missouri,5,0,5,06-Jul-19,2019
Massachusetts,0,6,6,05-Jul-19,2019
Nevada,1,5,6,05-Jul-19,2019
Illinois,0,5,5,05-Jul-19,2019
New York,0,4,4,05-Jul-19,2019
Illinois,0,4,4,04-Jul-19,2019
California,0,4,4,04-Jul-19,2019
Illinois,1,3,4,04-Jul-19,2019
California,1,3,4,04-Jul-19,2019
Texas,2,3,5,03-Jul-19,2019
Missouri,0,4,4,02-Jul-19,2019
Maryland,0,4,4,01-Jul-19,2019
California,0,4,4,30-Jun-19,2019
California,0,5,5,30-Jun-19,2019
Texas,2,2,4,30-Jun-19,2019
New York,0,6,6,30-Jun-19,2019
Connecticut,0,4,4,29-Jun-19,2019
Louisiana,0,4,4,29-Jun-19,2019
Illinois,0,5,5,29-Jun-19,2019
Louisiana,0,7,7,29-Jun-19,2019
New Jersey,0,4,4,28-Jun-19,2019
Connecticut,0,5,5,28-Jun-19,2019
Georgia,0,7,7,28-Jun-19,2019
New Jersey,0,4,4,28-Jun-19,2019
Minnesota,0,5,5,28-Jun-19,2019
Georgia,0,7,7,27-Jun-19,2019
Ohio,1,3,4,26-Jun-19,2019
Wisconsin,0,4,4,26-Jun-19,2019
California,1,3,4,23-Jun-19,2019
California,5,0,5,23-Jun-19,2019
Indiana,1,10,11,23-Jun-19,2019
Ohio,0,5,5,23-Jun-19,2019
South Carolina,3,1,4,23-Jun-19,2019
Virginia,0,4,4,22-Jun-19,2019
Pennsylvania,0,4,4,22-Jun-19,2019
Maryland,1,4,5,22-Jun-19,2019
Michigan,1,3,4,21-Jun-19,2019
Illinois,0,4,4,21-Jun-19,2019
California,5,0,5,21-Jun-19,2019
California,0,5,5,21-Jun-19,2019
Pennsylvania,0,10,10,20-Jun-19,2019
New Jersey,1,4,5,18-Jun-19,2019
Texas,0,4,4,17-Jun-19,2019
Tennessee,0,5,5,17-Jun-19,2019
Pennsylvania,1,5,6,16-Jun-19,2019
Kentucky,1,6,7,16-Jun-19,2019
Iowa,0,6,6,16-Jun-19,2019
Louisiana,0,4,4,15-Jun-19,2019
North Carolina,1,3,4,12-Jun-19,2019
Colorado,0,4,4,11-Jun-19,2019
Georgia,2,2,4,11-Jun-19,2019
Ohio,1,3,4,09-Jun-19,2019
New York,0,4,4,09-Jun-19,2019
Tennessee,1,3,4,09-Jun-19,2019
Washington,5,2,7,08-Jun-19,2019
Illinois,0,4,4,08-Jun-19,2019
Texas,0,5,5,07-Jun-19,2019
Illinois,1,3,4,06-Jun-19,2019
California,0,4,4,05-Jun-19,2019
South Carolina,0,5,5,01-Jun-19,2019
Illinois,0,4,4,01-Jun-19,2019
Virginia,1,3,4,01-Jun-19,2019
Illinois,0,4,4,01-Jun-19,2019
Georgia,0,5,5,01-Jun-19,2019
Georgia,2,4,6,01-Jun-19,2019
Virginia,13,4,17,31-May-19,2019
California,1,3,4,31-May-19,2019
Illinois,0,5,5,30-May-19,2019
Texas,3,2,5,29-May-19,2019
Louisiana,1,3,4,29-May-19,2019
Missouri,2,2,4,27-May-19,2019
District of Columbia,0,5,5,27-May-19,2019
New Jersey,1,5,6,27-May-19,2019
District of Columbia,1,3,4,26-May-19,2019
Virginia,0,5,5,26-May-19,2019
California,1,3,4,26-May-19,2019
New Jersey,0,9,9,25-May-19,2019
Michigan,3,2,5,25-May-19,2019
Virginia,1,9,10,25-May-19,2019
Maryland,0,4,4,25-May-19,2019
Oklahoma,0,5,5,25-May-19,2019
Oklahoma,2,2,4,20-May-19,2019
Louisiana,1,4,5,20-May-19,2019
Ohio,0,4,4,20-May-19,2019
Oregon,0,5,5,19-May-19,2019
Mississippi,1,4,5,18-May-19,2019
Alabama,1,8,9,18-May-19,2019
Indiana,1,6,7,18-May-19,2019
California,1,4,5,18-May-19,2019
Iowa,2,2,4,18-May-19,2019
Nebraska,0,4,4,18-May-19,2019
North Carolina,2,4,6,18-May-19,2019
California,1,3,4,17-May-19,2019
Ohio,0,4,4,16-May-19,2019
Louisiana,0,4,4,15-May-19,2019
California,0,4,4,14-May-19,2019
Louisiana,0,4,4,13-May-19,2019
Missouri,4,1,5,13-May-19,2019
Pennsylvania,0,4,4,11-May-19,2019
Pennsylvania,0,5,5,10-May-19,2019
Missouri,0,6,6,10-May-19,2019
Indiana,0,4,4,08-May-19,2019
Colorado,1,8,9,07-May-19,2019
New Jersey,1,4,5,05-May-19,2019
California,0,6,6,05-May-19,2019
Missouri,1,4,5,04-May-19,2019
Indiana,0,4,4,04-May-19,2019
California,1,4,5,04-May-19,2019
Delaware,0,4,4,04-May-19,2019
Texas,1,3,4,03-May-19,2019
Maryland,0,5,5,03-May-19,2019
Maryland,0,4,4,03-May-19,2019
Massachusetts,1,3,4,01-May-19,2019
North Carolina,2,4,6,30-Apr-19,2019
Tennessee,0,7,7,28-Apr-19,2019
Alabama,0,4,4,28-Apr-19,2019
Maryland,1,7,8,28-Apr-19,2019
Ohio,4,0,4,28-Apr-19,2019
Mississippi,1,3,4,27-Apr-19,2019
California,1,3,4,27-Apr-19,2019
California,0,6,6,27-Apr-19,2019
Pennsylvania,0,4,4,21-Apr-19,2019
Tennessee,0,6,6,20-Apr-19,2019
Kansas,0,4,4,19-Apr-19,2019
Kentucky,0,4,4,18-Apr-19,2019
Maryland,1,3,4,16-Apr-19,2019
Florida,2,2,4,14-Apr-19,2019
California,1,3,4,14-Apr-19,2019
California,0,4,4,14-Apr-19,2019
California,0,4,4,13-Apr-19,2019
Illinois,0,4,4,12-Apr-19,2019
Maryland,1,3,4,11-Apr-19,2019
California,1,4,5,11-Apr-19,2019
Arizona,3,2,5,11-Apr-19,2019
Missouri,1,3,4,09-Apr-19,2019
North Carolina,0,7,7,07-Apr-19,2019
Indiana,2,2,4,07-Apr-19,2019
Delaware,0,6,6,07-Apr-19,2019
Louisiana,0,4,4,07-Apr-19,2019
Florida,0,4,4,06-Apr-19,2019
Illinois,0,6,6,06-Apr-19,2019
Florida,1,3,4,04-Apr-19,2019
Georgia,3,2,5,04-Apr-19,2019
Mississippi,0,4,4,02-Apr-19,2019
Kentucky,0,5,5,02-Apr-19,2019
Georgia,1,4,5,31-Mar-19,2019
South Carolina,0,7,7,31-Mar-19,2019
Illinois,1,4,5,31-Mar-19,2019
Maryland,0,4,4,28-Mar-19,2019
Nevada,0,5,5,25-Mar-19,2019
California,1,5,6,24-Mar-19,2019
Arizona,0,7,7,24-Mar-19,2019
Arizona,2,4,6,19-Mar-19,2019
Georgia,0,4,4,17-Mar-19,2019
Georgia,1,3,4,17-Mar-19,2019
Nevada,0,4,4,17-Mar-19,2019
New Jersey,1,3,4,16-Mar-19,2019
Alabama,2,4,6,15-Mar-19,2019
Montana,1,3,4,14-Mar-19,2019
New Jersey,0,4,4,11-Mar-19,2019
Louisiana,0,4,4,10-Mar-19,2019
Colorado,1,4,5,10-Mar-19,2019
California,0,4,4,03-Mar-19,2019
Illinois,0,6,6,03-Mar-19,2019
Arkansas,1,4,5,02-Mar-19,2019
California,1,3,4,28-Feb-19,2019
Alabama,2,2,4,22-Feb-19,2019
Maryland,1,4,5,21-Feb-19,2019
Kentucky,2,2,4,21-Feb-19,2019
Texas,2,2,4,21-Feb-19,2019
Tennessee,0,4,4,20-Feb-19,2019
Texas,2,2,4,17-Feb-19,2019
Indiana,0,5,5,17-Feb-19,2019
Louisiana,1,5,6,17-Feb-19,2019
Mississippi,5,0,5,16-Feb-19,2019
Illinois,6,6,12,15-Feb-19,2019
Texas,5,0,5,11-Feb-19,2019
Virginia,0,4,4,09-Feb-19,2019
New York,1,3,4,06-Feb-19,2019
Texas,2,2,4,05-Feb-19,2019
District of Columbia,0,5,5,04-Feb-19,2019
Louisiana,0,4,4,04-Feb-19,2019
Illinois,2,5,7,03-Feb-19,2019
California,4,0,4,03-Feb-19,2019
California,0,4,4,01-Feb-19,2019
Texas,2,5,7,28-Jan-19,2019
Alabama,0,5,5,27-Jan-19,2019
Georgia,0,4,4,26-Jan-19,2019
Louisiana,5,0,5,26-Jan-19,2019
Indiana,0,5,5,26-Jan-19,2019
New Jersey,1,3,4,26-Jan-19,2019
Pennsylvania,4,1,5,24-Jan-19,2019
Georgia,4,1,5,24-Jan-19,2019
Florida,5,0,5,23-Jan-19,2019
Florida,0,4,4,20-Jan-19,2019
Pennsylvania,0,4,4,19-Jan-19,2019
South Carolina,1,4,5,19-Jan-19,2019
Illinois,0,4,4,19-Jan-19,2019
Florida,3,2,5,19-Jan-19,2019
Texas,3,2,5,19-Jan-19,2019
Kentucky,3,1,4,17-Jan-19,2019
Florida,1,5,6,16-Jan-19,2019
California,3,1,4,16-Jan-19,2019
Arkansas,1,4,5,15-Jan-19,2019
Arizona,1,5,6,13-Jan-19,2019
New Mexico,0,4,4,06-Jan-19,2019
Virginia,3,2,5,04-Jan-19,2019
California,3,4,7,04-Jan-19,2019
Arizona,1,3,4,03-Jan-19,2019
Arkansas,1,3,4,02-Jan-19,2019
South Carolina,0,5,5,01-Jan-19,2019
Florida,0,5,5,01-Jan-19,2019
Ohio,3,2,5,31-Dec-18,2018
Ohio,1,3,4,29-Dec-18,2018
Missouri,4,1,5,28-Dec-18,2018
Louisiana,2,2,4,24-Dec-18,2018
Missouri,1,6,7,23-Dec-18,2018
Nevada,0,4,4,22-Dec-18,2018
Maryland,0,5,5,18-Dec-18,2018
Florida,0,5,5,15-Dec-18,2018
Colorado,1,3,4,14-Dec-18,2018
Pennsylvania,0,4,4,13-Dec-18,2018
Louisiana,1,3,4,11-Dec-18,2018
Wisconsin,0,4,4,09-Dec-18,2018
California,0,5,5,08-Dec-18,2018
New York,0,5,5,08-Dec-18,2018
Florida,0,5,5,01-Dec-18,2018
Tennessee,0,4,4,26-Nov-18,2018
Alabama,2,2,4,25-Nov-18,2018
California,0,4,4,25-Nov-18,2018
Texas,1,3,4,25-Nov-18,2018
Florida,2,5,7,23-Nov-18,2018
Indiana,3,2,5,22-Nov-18,2018
Missouri,0,4,4,21-Nov-18,2018
Colorado,1,4,5,19-Nov-18,2018
Pennsylvania,4,0,4,19-Nov-18,2018
California,1,4,5,18-Nov-18,2018
Arkansas,3,1,4,16-Nov-18,2018
Louisiana,3,1,4,14-Nov-18,2018
New Mexico,4,1,5,13-Nov-18,2018
North Carolina,3,1,4,12-Nov-18,2018
Arizona,3,1,4,11-Nov-18,2018
California,13,2,15,07-Nov-18,2018
New York,0,5,5,03-Nov-18,2018
California,0,4,4,02-Nov-18,2018
Florida,3,4,7,02-Nov-18,2018
Minnesota,0,5,5,01-Nov-18,2018
Missouri,3,2,5,01-Nov-18,2018
Michigan,1,3,4,31-Oct-18,2018
California,2,3,5,30-Oct-18,2018
California,0,5,5,30-Oct-18,2018
California,0,7,7,29-Oct-18,2018
Arkansas,2,2,4,28-Oct-18,2018
Tennessee,0,5,5,27-Oct-18,2018
Pennsylvania,11,7,18,27-Oct-18,2018
New Jersey,1,3,4,26-Oct-18,2018
Illinois,0,5,5,24-Oct-18,2018
Illinois,0,6,6,22-Oct-18,2018
Florida,1,5,6,21-Oct-18,2018
Washington,1,3,4,21-Oct-18,2018
Georgia,0,4,4,16-Oct-18,2018
Tennessee,5,0,5,15-Oct-18,2018
Texas,0,4,4,14-Oct-18,2018
Nevada,3,1,4,14-Oct-18,2018
California,2,2,4,14-Oct-18,2018
Texas,4,1,5,13-Oct-18,2018
Missouri,0,4,4,13-Oct-18,2018
South Carolina,0,6,6,12-Oct-18,2018
Nevada,0,4,4,12-Oct-18,2018
Alabama,0,4,4,08-Oct-18,2018
Oklahoma,0,4,4,06-Oct-18,2018
Texas,1,3,4,06-Oct-18,2018
California,0,6,6,06-Oct-18,2018
Georgia,0,4,4,04-Oct-18,2018
New Mexico,1,3,4,04-Oct-18,2018
South Carolina,2,6,8,03-Oct-18,2018
Pennsylvania,1,4,5,03-Oct-18,2018
Illinois,2,2,4,01-Oct-18,2018
California,1,3,4,30-Sep-18,2018
Florida,1,4,5,29-Sep-18,2018
Pennsylvania,2,2,4,28-Sep-18,2018
Tennessee,3,2,5,24-Sep-18,2018
California,1,4,5,23-Sep-18,2018
California,0,4,4,23-Sep-18,2018
New York,0,4,4,22-Sep-18,2018
District of Columbia,0,4,4,21-Sep-18,2018
Maryland,4,3,7,20-Sep-18,2018
New York,0,5,5,20-Sep-18,2018
Wisconsin,1,4,5,19-Sep-18,2018
Illinois,0,4,4,19-Sep-18,2018
Pennsylvania,1,4,5,19-Sep-18,2018
Louisiana,0,4,4,18-Sep-18,2018
Tennessee,0,4,4,18-Sep-18,2018
Maryland,4,1,5,17-Sep-18,2018
Wisconsin,0,4,4,15-Sep-18,2018
California,6,0,6,12-Sep-18,2018
Illinois,0,4,4,11-Sep-18,2018
Tennessee,0,5,5,10-Sep-18,2018
Illinois,1,3,4,09-Sep-18,2018
Alabama,1,4,5,09-Sep-18,2018
Florida,0,4,4,09-Sep-18,2018
Minnesota,1,3,4,07-Sep-18,2018
Ohio,4,2,6,06-Sep-18,2018
Georgia,0,4,4,04-Sep-18,2018
Texas,0,4,4,02-Sep-18,2018
New Jersey,2,2,4,02-Sep-18,2018
Alabama,0,7,7,02-Sep-18,2018
Arkansas,0,4,4,02-Sep-18,2018
California,0,8,8,02-Sep-18,2018
New Jersey,0,4,4,02-Sep-18,2018
Florida,1,3,4,01-Sep-18,2018
Ohio,1,7,8,01-Sep-18,2018
Colorado,2,3,5,31-Aug-18,2018
Arkansas,1,3,4,27-Aug-18,2018
Florida,3,9,12,26-Aug-18,2018
Virginia,0,5,5,25-Aug-18,2018
Tennessee,1,4,5,25-Aug-18,2018
Pennsylvania,0,4,4,23-Aug-18,2018
Maryland,0,4,4,23-Aug-18,2018
Missouri,0,4,4,22-Aug-18,2018
Tennessee,0,4,4,21-Aug-18,2018
Tennessee,1,4,5,20-Aug-18,2018
Ohio,1,3,4,20-Aug-18,2018
Illinois,0,5,5,19-Aug-18,2018
New York,0,4,4,18-Aug-18,2018
Illinois,0,7,7,17-Aug-18,2018
South Carolina,0,5,5,15-Aug-18,2018
Pennsylvania,0,5,5,14-Aug-18,2018
California,4,1,5,12-Aug-18,2018
Pennsylvania,0,4,4,12-Aug-18,2018
California,1,4,5,11-Aug-18,2018
Colorado,1,3,4,11-Aug-18,2018
Ohio,0,4,4,11-Aug-18,2018
Missouri,0,4,4,10-Aug-18,2018
Michigan,0,4,4,10-Aug-18,2018
New Jersey,0,4,4,08-Aug-18,2018
Pennsylvania,2,4,6,08-Aug-18,2018
Illinois,1,4,5,05-Aug-18,2018
Illinois,1,5,6,05-Aug-18,2018
Illinois,0,8,8,05-Aug-18,2018
Illinois,0,4,4,05-Aug-18,2018
Illinois,0,4,4,05-Aug-18,2018
Nevada,0,6,6,04-Aug-18,2018
Missouri,0,6,6,04-Aug-18,2018
Illinois,1,3,4,04-Aug-18,2018
Wisconsin,0,4,4,04-Aug-18,2018
California,2,3,5,31-Jul-18,2018
Georgia,0,4,4,30-Jul-18,2018
Illinois,0,4,4,30-Jul-18,2018
Pennsylvania,0,4,4,29-Jul-18,2018
Arizona,1,4,5,29-Jul-18,2018
Michigan,0,4,4,29-Jul-18,2018
Louisiana,3,7,10,28-Jul-18,2018
California,2,4,6,28-Jul-18,2018
Texas,5,0,5,27-Jul-18,2018
Illinois,0,4,4,27-Jul-18,2018
Ohio,1,6,7,26-Jul-18,2018
California,2,2,4,26-Jul-18,2018
Texas,0,6,6,26-Jul-18,2018
Louisiana,0,4,4,25-Jul-18,2018
Illinois,0,5,5,23-Jul-18,2018
Maryland,0,4,4,21-Jul-18,2018
Illinois,2,5,7,21-Jul-18,2018
Washington,1,4,5,20-Jul-18,2018
New Jersey,0,4,4,20-Jul-18,2018
Oklahoma,0,4,4,18-Jul-18,2018
Florida,2,4,6,16-Jul-18,2018
District of Columbia,1,4,5,16-Jul-18,2018
Pennsylvania,1,4,5,16-Jul-18,2018
Colorado,0,4,4,15-Jul-18,2018
Tennessee,0,5,5,15-Jul-18,2018
Maryland,0,4,4,14-Jul-18,2018
Virginia,1,3,4,13-Jul-18,2018
Tennessee,0,5,5,12-Jul-18,2018
Texas,0,4,4,11-Jul-18,2018
Florida,0,4,4,11-Jul-18,2018
Florida,1,4,5,09-Jul-18,2018
Delaware,5,0,5,09-Jul-18,2018
Alabama,0,6,6,08-Jul-18,2018
Tennessee,0,4,4,08-Jul-18,2018
Alabama,3,2,5,07-Jul-18,2018
New York,0,4,4,05-Jul-18,2018
New York,0,4,4,05-Jul-18,2018
California,3,3,6,05-Jul-18,2018
Virginia,0,6,6,05-Jul-18,2018
Ohio,1,5,6,05-Jul-18,2018
Georgia,1,3,4,04-Jul-18,2018
Missouri,1,5,6,03-Jul-18,2018
District of Columbia,0,4,4,03-Jul-18,2018
New York,2,2,4,02-Jul-18,2018
Illinois,0,6,6,01-Jul-18,2018
Maryland,0,6,6,30-Jun-18,2018
Georgia,1,6,7,30-Jun-18,2018
New Jersey,0,5,5,30-Jun-18,2018
Maryland,5,0,5,28-Jun-18,2018
California,1,3,4,27-Jun-18,2018
Texas,0,4,4,27-Jun-18,2018
Connecticut,0,4,4,27-Jun-18,2018
Illinois,0,6,6,25-Jun-18,2018
North Carolina,1,6,7,24-Jun-18,2018
Florida,0,4,4,24-Jun-18,2018
Florida,0,4,4,24-Jun-18,2018
Florida,1,3,4,24-Jun-18,2018
Indiana,1,3,4,24-Jun-18,2018
Ohio,0,5,5,24-Jun-18,2018
Kansas,0,4,4,23-Jun-18,2018
Illinois,1,4,5,23-Jun-18,2018
Tennessee,0,4,4,23-Jun-18,2018
Pennsylvania,1,3,4,22-Jun-18,2018
California,1,3,4,21-Jun-18,2018
Louisiana,0,4,4,21-Jun-18,2018
Illinois,0,4,4,21-Jun-18,2018
California,0,5,5,20-Jun-18,2018
Alabama,0,4,4,19-Jun-18,2018
Illinois,3,1,4,18-Jun-18,2018
Illinois,2,3,5,18-Jun-18,2018
North Carolina,0,4,4,17-Jun-18,2018
New Jersey,1,19,20,17-Jun-18,2018
Georgia,1,3,4,17-Jun-18,2018
Illinois,0,4,4,17-Jun-18,2018
California,0,5,5,14-Jun-18,2018
New York,1,4,5,14-Jun-18,2018
California,1,4,5,14-Jun-18,2018
Colorado,1,3,4,14-Jun-18,2018
Pennsylvania,0,4,4,14-Jun-18,2018
New York,0,4,4,12-Jun-18,2018
Alabama,0,4,4,11-Jun-18,2018
Florida,6,0,6,11-Jun-18,2018
California,0,6,6,10-Jun-18,2018
Indiana,1,4,5,10-Jun-18,2018
Illinois,0,7,7,10-Jun-18,2018
Florida,1,5,6,10-Jun-18,2018
Illinois,1,5,6,10-Jun-18,2018
Illinois,2,2,4,10-Jun-18,2018
North Carolina,0,4,4,09-Jun-18,2018
Massachusetts,0,4,4,09-Jun-18,2018
Pennsylvania,1,4,5,09-Jun-18,2018
Florida,3,1,4,05-Jun-18,2018
Texas,0,5,5,03-Jun-18,2018
Illinois,1,3,4,03-Jun-18,2018
Nebraska,1,6,7,02-Jun-18,2018
New York,0,5,5,02-Jun-18,2018
South Carolina,3,2,5,31-May-18,2018
Louisiana,0,4,4,27-May-18,2018
Colorado,1,3,4,27-May-18,2018
Ohio,0,4,4,25-May-18,2018
Indiana,0,4,4,20-May-18,2018
Mississippi,1,7,8,20-May-18,2018
Texas,10,13,23,18-May-18,2018
Texas,5,1,6,16-May-18,2018
Maryland,0,4,4,14-May-18,2018
California,2,2,4,13-May-18,2018
California,3,2,5,13-May-18,2018
Mississippi,0,4,4,13-May-18,2018
Nebraska,0,6,6,12-May-18,2018
New Jersey,0,4,4,12-May-18,2018
Missouri,0,4,4,11-May-18,2018
Oklahoma,1,4,5,11-May-18,2018
Missouri,0,4,4,09-May-18,2018
Nebraska,0,4,4,09-May-18,2018
California,0,5,5,07-May-18,2018
Oklahoma,0,4,4,06-May-18,2018
Tennessee,2,4,6,06-May-18,2018
Georgia,0,5,5,05-May-18,2018
North Carolina,0,4,4,04-May-18,2018
Illinois,0,4,4,04-May-18,2018
Illinois,1,4,5,02-May-18,2018
Minnesota,0,5,5,02-May-18,2018
New York,1,4,5,02-May-18,2018
Louisiana,0,5,5,01-May-18,2018
Florida,0,4,4,30-Apr-18,2018
District of Columbia,0,4,4,30-Apr-18,2018
Tennessee,0,4,4,29-Apr-18,2018
Washington,2,2,4,29-Apr-18,2018
North Carolina,1,3,4,29-Apr-18,2018
Florida,1,3,4,29-Apr-18,2018
North Carolina,0,5,5,28-Apr-18,2018
Arkansas,0,4,4,25-Apr-18,2018
Missouri,3,1,4,25-Apr-18,2018
Michigan,0,4,4,24-Apr-18,2018
Tennessee,4,3,7,22-Apr-18,2018
Louisiana,2,4,6,22-Apr-18,2018
Pennsylvania,2,2,4,21-Apr-18,2018
California,1,5,6,20-Apr-18,2018
North Carolina,4,3,7,18-Apr-18,2018
Louisiana,0,6,6,15-Apr-18,2018
California,0,4,4,09-Apr-18,2018
North Carolina,1,3,4,08-Apr-18,2018
Florida,2,2,4,08-Apr-18,2018
Florida,0,4,4,06-Apr-18,2018
Virginia,1,3,4,06-Apr-18,2018
Louisiana,2,2,4,04-Apr-18,2018
Texas,1,3,4,02-Apr-18,2018
Alabama,1,4,5,01-Apr-18,2018
Michigan,0,5,5,01-Apr-18,2018
New Jersey,0,5,5,31-Mar-18,2018
Texas,1,3,4,29-Mar-18,2018
New Jersey,0,4,4,29-Mar-18,2018
Utah,0,4,4,24-Mar-18,2018
California,1,5,6,21-Mar-18,2018
Kentucky,0,7,7,17-Mar-18,2018
Illinois,0,4,4,17-Mar-18,2018
Florida,0,4,4,13-Mar-18,2018
California,0,4,4,12-Mar-18,2018
Indiana,0,6,6,11-Mar-18,2018
Illinois,1,3,4,11-Mar-18,2018
Michigan,1,4,5,11-Mar-18,2018
North Carolina,3,1,4,09-Mar-18,2018
Alabama,2,2,4,07-Mar-18,2018
Illinois,1,4,5,04-Mar-18,2018
New York,1,3,4,03-Mar-18,2018
Florida,0,4,4,03-Mar-18,2018
Connecticut,0,4,4,27-Feb-18,2018
Michigan,5,0,5,26-Feb-18,2018
Florida,1,3,4,23-Feb-18,2018
Texas,0,5,5,18-Feb-18,2018
Kansas,1,7,8,17-Feb-18,2018
Tennessee,0,5,5,17-Feb-18,2018
Oklahoma,1,3,4,16-Feb-18,2018
Florida,17,17,34,14-Feb-18,2018
Louisiana,2,3,5,13-Feb-18,2018
Michigan,4,3,7,11-Feb-18,2018
Kentucky,5,0,5,10-Feb-18,2018
Florida,3,3,6,07-Feb-18,2018
Colorado,2,4,6,05-Feb-18,2018
Ohio,1,5,6,03-Feb-18,2018
Missouri,0,4,4,31-Jan-18,2018
Pennsylvania,5,0,5,28-Jan-18,2018
Indiana,2,3,5,28-Jan-18,2018
Pennsylvania,4,0,4,28-Jan-18,2018
Kentucky,0,4,4,27-Jan-18,2018
California,0,5,5,27-Jan-18,2018
District of Columbia,0,4,4,25-Jan-18,2018
Kentucky,2,14,16,23-Jan-18,2018
Pennsylvania,0,4,4,23-Jan-18,2018
Florida,0,4,4,21-Jan-18,2018
Illinois,0,4,4,21-Jan-18,2018
District of Columbia,1,3,4,17-Jan-18,2018
Florida,0,5,5,15-Jan-18,2018
Alabama,1,4,5,14-Jan-18,2018
Alabama,0,4,4,14-Jan-18,2018
Tennessee,3,2,5,12-Jan-18,2018
Missouri,2,2,4,11-Jan-18,2018
Alabama,1,5,6,07-Jan-18,2018
Florida,0,4,4,07-Jan-18,2018
Mississippi,0,6,6,05-Jan-18,2018
Arkansas,1,3,4,04-Jan-18,2018
Alabama,1,3,4,01-Jan-18,2018
